{
  "base_real": 1.390625,
  "atk_ref": 2.2142002554023006,
  "def_ref": 1.319254406880841,
  "compresion": 0.45,
  "n_equipos_ref": 75
}